16,1002,14,27.7253,390.336
16,1002,52,2.5201,0.0213028
16,1002,473,0.238412,0.00645605
16,1002,473,4.79401,0.0456241
110,1002,268,9.79415,0.0915635
110,1002,269,1.15526,0.00969243
110,1002,362,4.08317,0.0361797
110,1002,363,22.2546,0.183711
112,1002,129,2.05503,0.017329
112,1002,212,2.4701,0.0195952
112,1002,214,2.40505,0.0201541
112,1002,302,22.7462,0.199111
112,1002,1275,1.1824,0.0096817
150,1002,32,0.896069,0.00759206
150,1002,33,12.9815,0.130725
150,1002,256,20.9985,0.108069
190,1002,42,23.6419,0.163849
190,1002,902,5.63725,0.0482015
190,1002,993,0.942407,0.0078089
275,1002,290,5.73853,0.0480782
275,1002,384,11.4136,0.10135
275,1002,385,17.3258,0.147263
275,1002,613,1.21131,0.0101912
279,1002,152,5.83485,0.0499313
279,1002,153,33.2114,554.447
279,1002,238,2.81663,0.0243409
294,1002,127,14.8257,0.428078
335,1002,448,7.2877,0.0452557
335,1002,537,11.7352,0.111863
366,1002,277,0.934458,0.00759201
366,1002,278,11.0167,0.0986029
366,1002,371,15.4168,0.112169
366,1002,462,8.20009,0.0935014
446,1002,80,0.482155,0.590816
446,1002,80,2.44651,0.331002
446,1002,158,4.41574,0.0388725
446,1002,244,1.00771,0.00826886
446,1002,245,8.62465,0.0759071
446,1002,336,9.1905,0.0734832
446,1002,337,5.35177,0.0579637
569,1002,394,3.82674,0.030924
569,1002,565,12.7447,0.0890405
569,1002,566,12.275,0.0976509
569,1002,623,7.86439,0.0625827
591,1002,32,24.7322,0.114151
591,1002,85,2.38584,0.0183605
591,1002,164,2.60119,0.0223442
591,1002,434,4.16548,0.034171
591,1002,436,1.62186,0.0137815
694,1002,99,0.275911,0.0305454
694,1002,99,14.0948,0.126329
694,1002,100,7.63187,0.0796883
694,1002,100,0.234468,0.0540966
694,1002,266,7.09655,0.046117
694,1002,453,7.65136,0.0502161
760,1002,111,1.11341,0.00952379
760,1002,112,8.59485,0.0640048
760,1002,193,0.188603,0.0171476
760,1002,193,18.1588,0.154516
760,1002,194,17.5954,0.140844
760,1002,282,0.900165,0.00779194
783,1002,121,25.8548,312.102
783,1002,122,1.18925,0.0099508
783,1002,204,4.62872,0.0400637
783,1002,388,1.54895,0.0128237
783,1002,389,0.83611,0.00703375
783,1002,481,1.03787,0.00847733
806,1002,212,1.05771,0.00887508
806,1002,302,9.62151,0.0680236
806,1002,303,0.0821735,0.112477
806,1002,303,5.90881,0.199916
806,1002,399,15.5365,0.221072
806,1002,493,7.01659,0.0751467
806,1002,495,0.438695,0.0681926
806,1002,495,1.93841,0.0255695
941,1002,380,7.16003,0.0602711
941,1002,381,23.6633,0.533404
941,1002,471,1.51276,0.194985
941,1002,471,1.65737,0.0202096
941,1002,472,1.17674,0.0130637
941,1002,552,1.83925,0.0161832
1045,1002,187,1.3563,0.0113545
1045,1002,273,4.9129,0.0401127
1045,1002,274,6.55783,0.0705872
1045,1002,275,3.28609,0.0302357
1045,1002,366,1.24393,0.010476
1045,1002,367,16.5484,145.037
1045,1002,368,5.36146,0.0406681
1045,1002,456,1.07935,0.00914215
1045,1002,457,1.34802,0.0115223
1102,1002,127,2.64054,0.0217373
1102,1002,261,4.51498,0.0564644
1102,1002,261,0.193561,0.0472922
1102,1002,529,2.86124,0.0229065
1102,1002,531,1.32998,0.0110975
1102,1002,532,2.3479,0.0196455
1102,1002,600,24.2858,299.642
1102,1002,647,3.21916,0.0277301
1119,1002,151,22.1679,0.165696
1119,1002,234,15.0912,0.277878
1192,1002,262,2.69672,0.0219226
1192,1002,263,16.4054,0.300517
1192,1002,355,23.4487,0.288081
1392,1002,57,19.5157,0.160769
1392,1002,134,4.75148,0.0396781
1392,1002,135,5.47292,0.0461813
1392,1002,217,1.25895,0.010274
1392,1002,305,1.38518,0.0109827
1392,1002,308,6.68082,0.0650445
1393,1002,120,42.5696,991.224
1393,1002,202,0.199258,0.0929189
1393,1002,202,1.51872,0.0590937
1393,1002,291,1.07548,0.00874464
1408,1002,12,4.4959,0.0371237
1408,1002,13,3.29312,128.586
1408,1002,13,27.3212,467.936
1408,1002,50,2.40065,0.0195176
1437,1002,185,17.0612,0.130469
1437,1002,272,2.06757,0.0187715
1437,1002,273,2.68223,0.022559
1437,1002,364,3.56797,0.0295936
1437,1002,459,1.90452,0.0170277
1451,1002,89,1.04002,0.0089517
1451,1002,89,1.17889,0.00994167
1451,1002,257,1.22796,0.0106533
1451,1002,350,0.333715,0.0915707
1451,1002,350,40.2267,0.398862
1451,1002,444,4.18458,0.0293304
1451,1002,651,1.42435,0.0116039
1538,1002,258,1.63709,0.0124565
1538,1002,349,3.52545,0.0276937
1538,1002,531,1.17696,0.00977046
1538,1002,532,4.95653,0.0399293
1538,1002,600,1.33734,3.79934
1538,1002,600,22.5509,2.01203
1538,1002,601,8.51515,0.0649673
1565,1002,117,11.7873,0.110652
1565,1002,118,16.6097,138.806
1565,1002,119,5.44235,0.0478125
1608,1002,369,14.2048,118.813
1608,1002,370,2.57832,0.0209211
1608,1002,462,3.25515,0.0286847
1608,1002,463,8.24088,0.0862614
1616,1002,518,1.75399,0.0129729
1616,1002,585,1.66267,0.014568
1616,1002,588,0.167169,0.00373553
1616,1002,588,6.94578,0.0590686
1616,1002,589,12.4035,0.104835
1616,1002,638,16.3638,3.83724
1616,1002,638,1.63375,7.29972
1691,1002,39,1.98829,0.0249755
1691,1002,39,0.15717,0.0196163
1691,1002,40,2.25882,0.0189695
1691,1002,41,13.5466,0.0919329
1691,1002,42,4.11273,0.0358608
1691,1002,103,0.281191,0.0112638
1691,1002,103,17.224,145.049
1691,1002,829,7.09901,0.0775708
1831,1002,42,21.3865,0.149973
1831,1002,43,9.524,0.0806277
1910,1002,171,2.40449,0.0203692
1910,1002,449,0.988396,0.00835994
1910,1002,451,5.9436,0.0448273
1910,1002,452,16.6243,0.139475
1910,1002,538,1.20827,0.0100098
1968,1002,533,1.20576,0.00970881
1968,1002,536,20.5934,209.041
1968,1002,601,2.78964,0.0220375
1968,1002,603,1.21683,0.00989053
1968,1002,605,4.6195,0.0346111
1968,1002,606,1.2287,0.010114
2062,1002,56,30.6322,0.188662
2062,1002,733,1.9287,0.015799
2176,1002,94,4.44591,0.0375477
2176,1002,96,6.37857,0.070478
2176,1002,97,1.77255,0.0151057
2176,1002,175,0.342378,0.300728
2176,1002,175,23.0798,1.41075
2176,1002,177,1.89466,0.0145414
2176,1002,354,1.01056,0.00918149
2191,1002,480,7.79751,0.0611654
2191,1002,560,22.1466,0.11814
2191,1002,617,1.04593,0.00847092
2279,1002,10,9.70496,0.0670595
2279,1002,41,11.0256,0.0827232
2279,1002,102,4.5142,0.0366385
2697,1002,7,0.280555,0.00861949
2697,1002,7,19.4734,0.119426
2697,1002,35,3.5842,0.0262321
2697,1002,36,0.213254,0.63975
2697,1002,36,5.90335,0.376987
2697,1002,37,3.05526,0.0245744
2741,1002,55,39.39,1551.89
2754,1002,25,23.4227,0.223176
2780,1002,204,6.11203,0.0532556
2780,1002,205,2.52507,0.0211621
2780,1002,292,1.92131,0.0160588
2780,1002,293,21.7531,0.322387
2780,1002,294,4.66137,0.0356187
2780,1002,387,1.43772,0.0126959
2812,1002,4,9.70042,0.0635374
2812,1002,5,14.4449,0.202337
2812,1002,27,3.50075,0.0298024
2812,1002,73,12.136,0.0808986
2812,1002,236,0.983832,0.00802045
2833,1002,8,15.6772,0.375385
2833,1002,9,11.378,0.0928841
2833,1002,99,0.0685841,0.13942
2833,1002,99,0.43402,2.323
2833,1002,99,4.38113,1.31394
2833,1002,179,9.7485,0.0693333
2849,1002,308,29.8351,0.637806
2849,1002,403,2.55243,0.0186214
2849,1002,405,2.67636,0.0201136
2849,1002,574,1.77987,0.0157588
2882,1002,94,11.1518,0.121371
2882,1002,95,4.76599,0.0382255
2882,1002,175,13.7551,86.1529
2882,1002,176,1.60196,0.0131052
2882,1002,261,6.69237,0.0603947
2882,1002,355,1.3845,0.0112785
2925,1002,120,0.370612,0.207433
2925,1002,120,10.0437,0.1886
2925,1002,121,12.4003,84.6671
2925,1002,203,6.39261,0.0584301
2925,1002,204,3.38891,0.0277289
2925,1002,292,9.36308,0.0908545
2925,1002,293,2.15248,0.0172293
2925,1002,477,1.69278,0.0145736
2947,1002,457,0.804485,0.00662603
2947,1002,458,11.6386,2.24688
2947,1002,458,0.896074,4.27834
2947,1002,459,11.5748,0.0907408
3010,1002,273,4.47748,0.0390624
3010,1002,274,0.144535,0.00586494
3010,1002,274,18.6962,0.182897
3010,1002,365,5.50677,0.0442756
3010,1002,458,1.10361,0.00906424
3010,1002,459,4.45196,0.0326149
3010,1002,461,2.09606,0.0158061
3043,1002,9,31.031,0.0793352
3043,1002,10,1.53533,0.0128829
3043,1002,103,1.10845,0.00900898
3119,1002,112,1.63906,0.0133123
3119,1002,190,1.17172,0.00953611
3119,1002,191,1.25015,0.0105372
3119,1002,193,5.25843,0.0461668
3119,1002,194,28.0974,386.898
3119,1002,280,1.41512,0.0119199
3119,1002,281,2.83635,0.0258404
3119,1002,468,2.71152,0.0228977
3160,1002,92,28.3078,380.124
3160,1002,173,0.683423,3.76148
3160,1002,173,5.72906,3.25951
3160,1002,259,2.25834,0.0183289
3256,1002,8,2.5163,0.021392
3256,1002,9,1.01151,0.00870276
3256,1002,39,4.11348,0.0318538
3256,1002,101,27.6519,764.696
3421,1002,120,29.3494,411.248
3421,1002,291,2.13337,0.0190933
3448,1002,398,0.726957,0.00600777
3448,1002,489,2.56628,0.0220606
3448,1002,490,33.2077,1102.76
3448,1002,571,1.05809,0.00874015
3451,1002,7,33.8414,594.992
3451,1002,452,1.26614,0.0099925
3518,1002,19,0.983395,0.00847733
3518,1002,20,15.1942,0.142431
3518,1002,1321,2.48375,0.0201842
3524,1002,81,19.2833,160.04
3524,1002,83,1.61348,0.0139443
3524,1002,160,2.56632,0.0215645
3524,1002,161,7.29135,0.0742355
3524,1002,246,2.00202,0.0170985
3524,1002,432,1.55336,0.0123492
3540,1002,79,20.6794,0.353298
3540,1002,80,11.2582,0.12607
3540,1002,159,1.35274,0.0116676
3540,1002,245,3.10772,0.027326
3614,1002,444,1.81474,0.0157166
3614,1002,534,11.7394,0.097403
3614,1002,603,0.33833,0.0207909
3614,1002,603,21.1511,0.159902
3614,1002,604,7.6207,0.0747278
3674,1002,253,36.504,0.10188
3674,1002,254,1.03404,0.00895019
3674,1002,342,1.17425,0.00994314
3846,1002,54,20.5873,196.344
3846,1002,55,4.90377,0.0510332
3917,1002,122,7.11463,0.0765176
3917,1002,206,21.7733,0.631571
3960,1002,391,0.818476,0.00679755
3960,1002,483,32.8691,0.357263
3960,1002,562,1.0787,0.00864603
3960,1002,564,8.88348,0.0679248
3960,1002,565,0.980335,0.00961409
3960,1002,621,0.981628,0.00796326
4120,1002,35,0.201332,0.0533352
4120,1002,35,14.5588,0.12921
4120,1002,94,0.986394,0.00836329
4120,1002,176,5.38396,0.040897
4120,1002,262,9.91647,0.0900866
4120,1002,355,5.39135,0.0432294
4214,1002,127,36.5363,0.476779
4214,1002,210,1.03522,0.00863636
4243,1002,46,1.02846,0.00789964
4243,1002,106,32.3851,1049.15
4243,1002,107,1.10859,0.0094917
4243,1002,188,10.0031,0.334497
4243,1002,906,2.5426,0.0207517
4256,1002,1,13.434,0.243446
4256,1002,2,20.7567,0.110811
4256,1002,15,0.855257,0.00711683
4256,1002,18,1.01483,0.00835452
4256,1002,226,4.95339,0.0435317
4276,1002,115,25.2935,312.756
4276,1002,196,0.100683,0.00764403
4276,1002,196,1.99527,0.0238021
4276,1002,197,5.8355,0.0655491
4298,1002,4,4.65053,0.0371598
4298,1002,5,5.55964,0.05167
4298,1002,28,1.83755,0.0143557
4298,1002,74,1.62418,0.665204
4298,1002,74,23.5106,2.74641
4298,1002,132,6.23292,0.0792806
4308,1002,298,1.1476,0.0095169
4308,1002,299,2.88207,0.0246376
4308,1002,395,0.183312,0.0228235
4308,1002,395,28.9772,410.863
4330,1002,208,16.5632,0.137313
4330,1002,296,4.86437,0.0450504
4330,1002,297,2.01065,0.016325
4330,1002,564,10.1235,0.0875672
4366,1002,513,1.11499,0.00970047
4366,1002,515,0.148097,0.00295234
4366,1002,515,34.9457,0.177233
4366,1002,584,7.79826,0.0873728
4420,1002,248,0.0906163,0.00411772
4420,1002,248,12.6614,0.104917
4420,1002,339,29.1485,0.100825
4420,1002,431,1.30183,0.0120175
4420,1002,433,2.22581,0.0189112
4452,1002,13,7.56922,0.068071
4452,1002,14,3.99799,0.0322816
4452,1002,50,14.2843,1.19574
4452,1002,112,18.2896,0.146911
4452,1002,194,1.23554,0.0102
4474,1002,95,32.1106,515.018
4474,1002,97,1.11439,0.00965238
4474,1002,176,1.07857,0.00887041
4485,1002,14,0.320772,27.3105
4485,1002,14,10.7664,6.49009
4485,1002,52,5.96418,0.0455351
4485,1002,113,12.8837,0.169393
4485,1002,196,3.97071,0.0283012
4485,1002,284,4.7602,0.0409351
4495,1002,275,1.73295,0.0148828
4495,1002,276,27.0356,365.971
4495,1002,277,6.13406,0.048354
4495,1002,370,6.0173,0.0412587
4607,1002,83,23.5996,0.231781
4607,1002,162,1.47142,0.0127194
4607,1002,339,4.24534,0.0326529
4607,1002,340,3.62749,0.0295834
4607,1002,771,2.22647,0.0173703
4729,1002,194,24.2301,0.102475
4729,1002,283,14.3309,0.173244
4902,1002,296,4.63034,0.0525258
4902,1002,296,0.186805,0.046052
4902,1002,297,22.5346,254.457
4902,1002,392,2.49575,0.0193343
4938,1002,12,1.16308,0.00957638
4938,1002,13,26.1636,0.127501
4938,1002,50,5.68634,0.0495345
4938,1002,112,3.2936,0.0262138
4938,1002,282,1.65729,0.0134947
4938,1002,374,0.9525,0.00782476
4958,1002,34,2.25811,0.0187354
4958,1002,90,15.5157,123.968
4958,1002,91,2.57151,0.01919
4958,1002,92,3.96558,0.0314008
4972,1002,349,3.51362,0.0317271
4972,1002,443,3.32373,0.174503
4972,1002,443,0.650276,0.295799
4972,1002,597,2.78493,0.0221988
4978,1002,57,28.2385,798.486
4978,1002,134,1.97519,0.0159072
4978,1002,135,9.32756,0.0849481
4978,1002,220,0.342817,0.0423224
4978,1002,220,4.86117,0.055958
4992,1002,1253,3.38758,0.0272318
4998,1002,35,3.96191,0.0359102
4998,1002,123,23.7973,0.15375
4998,1002,206,8.23812,0.215949
5017,1002,380,1.27247,0.0107336
5017,1002,472,34.0766,1162.05
5017,1002,551,1.26328,0.00998245
5046,1002,128,14.3443,109.819
5046,1002,211,19.6191,210.384
5046,1002,301,2.38352,0.0200411
5115,1002,93,0.491493,0.0491871
5115,1002,93,25.2998,0.241855
5115,1002,94,7.62724,0.0598022
5159,1002,120,19.3943,0.174439
5159,1002,203,16.1352,0.151107
5159,1002,292,1.37652,0.0112629
5334,1002,11,8.7548,0.0804346
5334,1002,12,28.7783,416.231
5334,1002,49,1.81448,0.0163612
5334,1002,51,2.9143,0.0253041
5334,1002,112,4.60613,0.0378955
5422,1002,56,16.0169,0.110513
5422,1002,126,10.083,0.0715695
5422,1002,127,8.92974,6.76226
5422,1002,127,0.673323,24.553
5422,1002,210,0.0903745,0.00396986
5422,1002,210,4.52106,0.0366076
5439,1002,8,11.8813,0.113506
5439,1002,9,6.46643,0.0551164
5439,1002,10,7.49756,0.0651303
5444,1002,92,34.3333,1179.98
5444,1002,94,1.84417,0.0144538
5444,1002,172,1.36527,0.0112904
5444,1002,173,0.113476,0.0496527
5444,1002,173,3.43158,0.0583078
5462,1002,478,1.63754,0.0141215
5462,1002,479,7.47009,0.0947055
5462,1002,480,27.3938,364.297
5462,1002,560,1.13427,0.00943381
5465,1002,7,7.28162,0.0476616
5465,1002,8,4.67842,0.0393915
5465,1002,36,25.9774,0.188043
5465,1002,39,2.55036,0.022403
5609,1002,11,23.6933,0.0772422
5609,1002,12,1.12469,0.00939597
5609,1002,48,1.53191,0.0129978
5609,1002,49,0.83209,0.00682315
5609,1002,50,0.940484,0.00894405
5609,1002,110,1.4438,0.0118413
5609,1002,610,1.67051,0.0132641
5708,1002,391,2.5502,0.0211913
5708,1002,392,0.329125,0.285701
5708,1002,392,5.11808,0.338063
5708,1002,483,5.55171,0.0500021
5708,1002,484,2.34364,0.0192433
5708,1002,485,21.0746,234.137
5708,1002,562,1.18172,0.00977526
5708,1002,564,1.09168,0.00915037
5763,1002,152,1.22618,0.0102793
5763,1002,153,0.266559,0.0113575
5763,1002,153,6.22542,0.0511658
5763,1002,238,2.64142,0.0238676
5763,1002,239,20.8886,0.145829
5805,1002,53,18.147,0.336932
5805,1002,115,1.5432,0.0131321
5805,1002,116,12.2906,0.0791662
5805,1002,198,5.94778,0.0476171
5855,1002,92,9.79055,0.105089
5855,1002,171,1.11183,0.00978912
5855,1002,172,13.4044,0.167238
5855,1002,173,0.124702,0.00744347
5855,1002,173,1.52768,0.0129516
5855,1002,259,14.4193,0.136791
5855,1002,352,1.73819,0.014278
5897,1002,115,1.36856,0.0114091
5897,1002,286,37.0451,669.593
5913,1002,12,33.6529,1132.65
5913,1002,50,2.05736,0.0175737
5913,1002,114,1.50641,0.0120279
5913,1002,376,1.25902,0.0105436
5913,1002,469,1.65604,0.0143643
5935,1002,123,21.9723,0.526495
5935,1002,205,4.08084,0.0321251
5994,1002,35,1.74386,0.0142444
5994,1002,95,4.91217,0.0362037
5994,1002,96,18.9551,185.438
5994,1002,176,1.86041,0.0152218
5994,1002,178,2.84031,0.0244342
5994,1002,263,1.98204,0.0161573
5994,1002,357,2.54544,0.0217482
6078,1002,184,5.90012,0.0506658
6078,1002,272,21.0143,221.619
6078,1002,273,0.0448423,0.0010383
6078,1002,273,9.31018,0.0759591
6198,1002,54,0.701844,0.699397
6198,1002,54,12.8727,0.429705
6198,1002,56,1.3877,0.011671
6198,1002,121,6.7404,0.054365
6198,1002,125,5.76792,0.0491068
6198,1002,299,1.69694,0.0139764
6198,1002,394,1.02756,0.0085714
6214,1002,499,0.50856,0.593604
6214,1002,499,33.5263,0.484274
6214,1002,580,7.1352,0.0665521
6214,1002,581,0.889019,0.00739299
6313,1002,260,3.66516,0.0310467
6313,1002,351,19.1004,206.588
6313,1002,352,9.6007,0.0590365
6313,1002,445,2.08881,0.016692
6346,1002,4,1.57047,0.0129939
6346,1002,109,3.56711,0.0298057
6346,1002,190,0.158347,0.00414254
6346,1002,190,2.2971,0.0188503
6346,1002,191,12.3097,0.0751197
6346,1002,192,9.38637,0.0631748
6346,1002,277,2.26489,0.0183061
6409,1002,178,26.4281,392.042
6409,1002,264,7.68484,0.0646735
6409,1002,452,0.989714,0.00874222
6409,1002,538,5.64859,0.0468945
6459,1002,121,36.0534,716.569
6494,1002,282,0.945178,0.00789772
6494,1002,285,0.0688873,0.00243872
6494,1002,285,1.89242,0.0164867
6494,1002,377,6.39223,0.0536534
6494,1002,378,16.1176,0.674753
6494,1002,379,14.7643,0.0988237
6494,1002,471,1.05938,0.00888872
6627,1002,93,0.248632,0.0151386
6627,1002,93,21.1046,244.595
6627,1002,94,6.36032,0.42498
6627,1002,94,0.749795,0.739983
6627,1002,174,3.84145,0.034045
6627,1002,261,1.01222,0.0084474
6627,1002,262,1.18366,0.00970897
6627,1002,448,4.08512,0.0347878
6665,1002,116,38.8928,751.561
6665,1002,199,1.98758,0.0176351
6665,1002,382,1.34068,0.0113005
6764,1002,116,0.557396,0.229501
6764,1002,116,23.0502,0.657534
6764,1002,286,13.4406,0.105926
6764,1002,287,4.17776,0.0396963
6764,1002,380,1.19155,0.00970556
6821,1002,43,34.7973,0.113949
7016,1002,36,12.7488,0.0700407
7016,1002,96,5.95992,0.0355053
7016,1002,176,16.3572,0.355169
7016,1002,261,6.12609,0.0751848
7016,1002,536,1.06597,0.00854891
7016,1002,604,2.89391,0.0232116
7115,1002,10,22.8423,0.250234
7115,1002,40,6.70533,0.0530407
7115,1002,102,2.78519,0.0218895
7121,1002,54,0.12711,0.00243352
7121,1002,54,31.3284,479.598
7121,1002,123,5.06216,0.0417457
7121,1002,124,1.0465,0.00860887
7121,1002,162,0.895088,0.00779022
7121,1002,483,1.1942,0.00930612
7142,1002,123,0.720345,0.482407
7142,1002,123,28.4855,0.478547
7142,1002,205,1.08406,0.00874364
7142,1002,295,0.287378,0.00796128
7142,1002,295,4.70424,0.0379181
7142,1002,483,0.993902,0.00812167
7193,1002,14,33.1582,593.349
7193,1002,50,1.05212,0.00888761
7236,1002,88,27.8972,416.303
7236,1002,168,1.91727,0.0158726
7236,1002,169,1.65062,0.013339
7236,1002,254,3.76461,0.0326817
7236,1002,344,7.30094,0.0851054
7239,1002,52,3.66512,0.0329373
7239,1002,53,11.5586,0.202061
7239,1002,115,0.416909,0.103703
7239,1002,115,11.9252,0.136964
7291,1002,91,7.88622,0.0565526
7291,1002,92,20.8987,0.394739
7291,1002,172,10.6537,0.173004
7350,1002,20,10.7969,0.118825
7350,1002,21,17.6755,0.127334
7350,1002,65,4.91771,0.0368443
7350,1002,146,1.36361,0.0115885
7362,1002,106,24.7577,0.654158
7362,1002,107,0.0967845,0.00378644
7362,1002,107,12.2192,0.0961297
7362,1002,274,3.54619,0.0282819
7362,1002,275,1.8511,0.0151394
7362,1002,368,3.98294,0.0281168
7418,1002,572,9.251,0.0825027
7418,1002,624,2.21551,0.018471
7418,1002,626,1.71968,0.0141195
7418,1002,629,3.07784,0.0280262
7418,1002,665,15.9401,0.200587
7435,1002,116,0.366684,0.0155513
7435,1002,116,22.8966,0.201481
7435,1002,117,12.3783,0.154779
7462,1002,55,31.3022,498.099
7501,1002,55,18.7099,0.385004
7501,1002,125,3.46095,0.0281607
7501,1002,126,6.06672,0.254723
7501,1002,126,0.208972,0.368455
7501,1002,208,1.97745,0.0168824
7501,1002,393,6.05871,0.0519241
7512,1002,120,1.71563,0.0144496
7512,1002,121,19.3224,0.114277
7512,1002,122,8.73944,0.0778792
7512,1002,203,1.33294,0.0109948
7529,1002,451,2.04648,0.018348
7529,1002,452,18.0317,0.109233
7529,1002,537,1.3365,0.0107643
7529,1002,601,6.31973,0.061093
7575,1002,53,3.17144,0.0289676
7575,1002,115,6.06765,0.0506401
7575,1002,116,1.69291,0.0138921
7575,1002,199,2.15664,0.0179523
7575,1002,384,2.08195,0.0183354
7575,1002,477,0.172659,0.011461
7575,1002,477,11.8498,71.3406
7586,1002,287,3.39494,0.0265375
7586,1002,381,1.58426,0.0127278
7586,1002,382,3.35003,0.028759
7586,1002,383,1.15285,0.0101133
7586,1002,475,30.5004,0.189616
7586,1002,557,7.22615,0.052549
7589,1002,335,6.62141,0.07281
7589,1002,336,3.75611,0.0337742
7589,1002,430,2.16103,0.0169766
7589,1002,431,17.2824,0.817267
7589,1002,432,10.9142,0.078613
7589,1002,517,1.06878,0.00963211
7661,1002,292,18.4336,0.119639
7661,1002,386,4.88394,0.0321015
7661,1002,387,1.31578,0.0108777
7661,1002,479,11.0951,0.101334
7717,1002,90,1.17944,0.00994661
7717,1002,171,4.42492,0.035418
7717,1002,172,1.18298,0.0102005
7717,1002,173,3.38259,0.0287153
7717,1002,259,3.96788,0.0332167
7717,1002,352,20.2577,0.404206
7717,1002,447,7.98961,0.0666624
7764,1002,287,1.37525,0.0123055
7764,1002,288,8.47797,0.0700152
7764,1002,289,2.24626,0.0181961
7764,1002,383,4.92939,0.0395114
7764,1002,384,9.88708,0.110272
7764,1002,476,8.07356,0.12136
7764,1002,477,2.6168,0.0225095
7764,1002,556,2.72168,0.0264135
7785,1002,386,1.06963,0.00873929
7785,1002,387,1.08492,0.00971611
7785,1002,388,1.14821,0.00944446
7785,1002,389,2.2324,0.0193986
7785,1002,480,36.8756,0.610521
7821,1002,11,8.37747,0.0838787
7821,1002,12,18.3128,0.119434
7821,1002,14,7.5978,1.40274
7821,1002,14,1.00862,2.65438
7898,1002,93,10.0375,0.10717
7898,1002,94,0.0736512,0.0062696
7898,1002,94,2.13213,0.0183134
7898,1002,174,0.253605,0.0265138
7898,1002,174,20.214,0.126198
7898,1002,260,1.3297,0.0107736
7898,1002,261,3.22402,0.0250529
7932,1002,39,1.5888,0.0137456
7932,1002,104,3.26539,0.0299448
7932,1002,185,1.98563,35.9961
7932,1002,185,12.1868,19.4258
7932,1002,185,0.539592,1.33636
7932,1002,273,8.73202,0.102116
7932,1002,274,13.2666,0.090746
7944,1002,11,0.867836,11.1305
7944,1002,11,6.60151,7.76375
7944,1002,12,7.68107,0.0681769
7944,1002,50,12.7427,0.0704202
7944,1002,111,3.31209,0.0272487
8072,1002,11,4.07245,0.0293948
8072,1002,12,6.08264,0.0473921
8072,1002,13,1.39167,0.0115165
8072,1002,48,9.87945,0.0791827
8072,1002,49,1.26636,0.00996797
8072,1002,110,0.442721,0.0793859
8072,1002,110,4.93517,0.0739359
8095,1002,370,1.33045,0.0107188
8095,1002,463,1.78518,0.0146115
8095,1002,465,10.4483,0.0690285
8095,1002,466,5.93068,0.047459
8095,1002,548,1.35567,0.0113029
8095,1002,549,2.9902,0.0236554
8181,1002,195,9.13239,0.0796936
8181,1002,286,0.988728,0.00835934
8181,1002,380,11.1689,0.076668
8214,1002,14,16.846,0.396315
8214,1002,51,1.73842,0.0140114
8214,1002,114,6.75697,0.060993
8214,1002,196,11.354,0.108674
8214,1002,551,1.10354,0.00929774
8289,1002,90,4.03498,0.0339233
8289,1002,168,7.04836,0.0646417
8289,1002,868,1.28126,0.0110141
8289,1002,958,1.18858,0.00944795
8289,1002,1052,8.01908,0.0617788
8289,1002,1145,4.23649,0.0374364
8289,1002,1225,4.57941,0.0401378
8292,1002,477,1.52023,0.0126641
8292,1002,478,35.88,1287.43
8292,1002,557,4.69814,0.0427191
8379,1002,102,8.11752,0.0863097
8379,1002,103,1.47872,0.0122562
8379,1002,184,0.180406,0.102934
8379,1002,184,6.26812,0.105075
8379,1002,185,19.5777,0.126483
8473,1002,112,10.2312,0.0865671
8473,1002,192,1.41317,0.0116825
8473,1002,196,1.16061,0.00961634
8473,1002,284,6.57654,0.0673704
8473,1002,379,1.63487,3.39125
8473,1002,379,20.6375,1.80771
8488,1002,7,12.5863,0.196905
8530,1002,526,3.04803,0.026536
8530,1002,529,10.3577,0.0862957
8530,1002,597,3.12842,0.0317715
8530,1002,598,13.213,0.0935749
8556,1002,487,0.454283,0.117106
8556,1002,487,10.2068,0.156543
8556,1002,569,17.3481,157.617
8556,1002,570,1.42169,0.0115344
8556,1002,571,2.79788,0.023115
8556,1002,624,1.25593,0.0105663
8556,1002,626,2.37265,0.0203696
8556,1002,628,0.0987101,0.0445133
8556,1002,628,11.978,0.130386
8556,1002,629,1.6322,0.0135406
8585,1002,82,3.40585,0.0295349
8585,1002,163,10.8734,0.0858423
8585,1002,249,0.986447,0.00874444
8620,1002,201,7.3609,0.06381
8620,1002,289,10.8892,2.52418
8620,1002,289,0.881153,4.84312
8620,1002,290,1.88952,0.0156758
8620,1002,383,2.20921,0.018912
8620,1002,384,1.10141,0.00942837
8620,1002,476,6.37784,0.0597994
8620,1002,556,3.17419,0.031697
8620,1002,615,0.969639,0.00848021
8701,1002,461,2.0426,0.0173553
8701,1002,464,14.2718,0.134102
8701,1002,465,8.30897,0.0734341
8701,1002,545,1.57781,0.0137926
8701,1002,547,2.33907,0.0178622
8731,1002,88,18.0107,157.289
8731,1002,168,16.7417,0.134675
8731,1002,254,1.35326,0.0113471
8731,1002,346,0.90007,0.00748651
8731,1002,531,1.22529,0.00969928
8736,1002,112,4.14266,0.0326258
8736,1002,194,27.0037,0.144209
8736,1002,279,1.7198,0.0140605
8736,1002,281,1.13481,0.00930625
8788,1002,44,31.9833,523.591
8788,1002,90,1.10643,0.00951718
8830,1002,99,0.185574,0.00789223
8830,1002,99,15.8615,0.113683
8830,1002,177,1.05604,0.00915293
8830,1002,179,1.76151,0.0155923
8830,1002,181,25.8758,0.130998
8884,1002,274,16.3061,147.61
8884,1002,274,0.62106,1.20437
8884,1002,275,13.9982,0.0892782
8884,1002,367,2.58036,0.0193713
8884,1002,368,11.7065,0.100545
8887,1002,172,6.336,4.31239
8887,1002,172,4.33026,8.56128
8887,1002,260,6.86525,0.0448448
8887,1002,261,9.56588,0.0787616
8887,1002,354,10.5093,0.124562
8909,1002,11,1.93002,0.0154166
8909,1002,471,0.4098,0.649266
8909,1002,471,14.8493,0.445262
8909,1002,552,8.32294,0.0970159
8909,1002,610,1.10592,0.00902702
8988,1002,99,1.23958,0.0102594
8988,1002,179,1.48958,0.0126403
8988,1002,272,30.0631,903.993
8988,1002,273,5.32044,0.0402152
8988,1002,366,1.74389,0.0141505
8993,1002,13,1.27371,0.0108213
8993,1002,14,28.3281,417.602
8993,1002,50,7.73466,0.0778021
8993,1002,52,2.31684,0.0187594
8993,1002,197,1.21818,0.00996618
8999,1002,14,2.42519,0.0207085
8999,1002,89,7.17171,0.0645739
8999,1002,93,18.9965,189.617
8999,1002,94,2.91874,0.0225796
9024,1002,89,20.1587,0.14014
9024,1002,90,2.25631,0.0203492
9024,1002,730,1.46151,0.0119447
9024,1002,804,2.60384,0.020135
9024,1002,805,13.2339,0.139028
9024,1002,829,1.1577,0.00994611
9024,1002,979,1.10989,0.00922208
9024,1002,1252,1.89335,0.0167738
9104,1002,276,4.61673,0.0394618
9104,1002,277,1.70876,0.112186
9104,1002,277,0.066631,0.546693
9104,1002,369,32.8107,523.28
9104,1002,370,1.18596,0.0100931
9104,1002,462,2.39853,0.0194444
9104,1002,463,1.28315,0.0105453
9132,1002,46,23.831,272.726
9132,1002,47,15.9198,0.106034
9143,1002,497,1.77186,0.0142435
9143,1002,577,8.87914,0.0610944
9143,1002,578,0.452446,0.067887
9143,1002,578,26.6383,0.160112
9143,1002,633,1.94582,0.0155081
9143,1002,636,1.05006,0.00913401
9166,1002,44,2.51267,0.0209988
9166,1002,45,29.6418,0.111374
9169,1002,131,0.648836,0.0807497
9169,1002,131,28.7335,0.308679
9169,1002,214,1.82901,0.0145579
9169,1002,215,1.13666,0.00945566
9169,1002,398,1.35275,0.011398
9209,1002,33,16.5101,0.166184
9209,1002,87,5.99182,0.0610617
9209,1002,348,0.355018,0.0215009
9209,1002,348,5.34412,0.0609849
9221,1002,122,3.58027,0.027568
9221,1002,123,26.5315,0.179345
9221,1002,205,3.63977,0.0301157
9221,1002,206,1.30571,0.0121651
9308,1002,208,8.0338,0.0652887
9308,1002,297,6.47018,0.0652959
9308,1002,298,27.1179,370.319
9308,1002,393,1.4491,0.0121853
9336,1002,128,17.8739,0.211149
9336,1002,129,6.98568,0.0480459
9336,1002,130,1.10597,0.00924152
9336,1002,212,5.09264,0.0442895
9336,1002,213,2.75017,0.0251098
9336,1002,301,2.06821,0.0175089
9336,1002,397,1.20176,0.00964913
9336,1002,399,1.53167,0.012892
9479,1002,169,7.8912,0.0593225
9479,1002,257,1.06741,0.00961169
9479,1002,349,1.20214,0.0100081
9479,1002,350,2.93681,0.0235055
9479,1002,445,26.1082,349.022
9479,1002,531,1.0989,0.00908405
9479,1002,535,2.3921,0.0205578
9497,1002,378,1.87302,0.0156093
9497,1002,379,12.4428,0.092789
9497,1002,380,14.6662,0.136071
9497,1002,381,5.28574,0.0444703
9497,1002,470,0.114001,0.00986563
9497,1002,470,1.96641,0.0170492
9497,1002,473,7.62898,0.0649466
9605,1002,119,22.8853,0.184987
9605,1002,381,1.65324,0.0135873
9631,1002,41,1.30572,0.010653
9631,1002,105,1.94443,0.0161464
9631,1002,163,1.16668,0.0103345
9631,1002,188,27.056,0.10876
9631,1002,276,2.53687,0.0213824
9631,1002,633,0.967389,0.0079618
9701,1002,48,0.279337,0.0103047
9701,1002,48,13.8188,0.0994669
9701,1002,109,1.31674,0.0102948
9701,1002,110,20.8275,0.140192
9701,1002,278,1.18802,0.00981201
9701,1002,280,1.82334,0.0145616
9701,1002,282,1.19412,0.0103165
9713,1002,14,2.45698,0.0211635
9713,1002,52,30.8738,449.804
9713,1002,379,2.6316,0.0215635
9734,1002,55,12.7197,0.117205
9734,1002,1269,16.2608,0.104729
9755,1002,41,20.8734,0.326763
9755,1002,102,2.11869,0.0179978
9755,1002,1255,2.03101,0.0169546
9841,1002,286,6.61355,0.0540999
9841,1002,378,1.45836,0.012416
9841,1002,380,23.1518,0.184573
9841,1002,381,2.05679,0.016403
9841,1002,470,5.14251,0.053593
9841,1002,471,1.58326,0.012959
9841,1002,472,3.64323,0.0306239
9984,1002,367,4.39189,0.0361524
9984,1002,368,2.03833,0.0169302
9984,1002,369,21.3148,230.976
9984,1002,460,3.89069,0.0314247
9984,1002,461,1.05002,0.021034
9984,1002,461,0.154948,0.025427
10060,1002,340,30.8817,0.0610664
10060,1002,433,0.118753,0.00497516
10060,1002,433,16.4378,0.154685
10110,1002,571,0.0863459,0.00331585
10110,1002,571,1.6829,0.0147909
10110,1002,573,23.3535,0.292376
10110,1002,574,14.3328,0.108513
10128,1002,289,0.851024,0.00759744
10128,1002,384,1.55632,0.012768
10128,1002,385,6.78111,0.051294
10128,1002,557,0.914433,0.00765987
10128,1002,558,4.77215,0.046099
10128,1002,615,2.5714,0.0208887
10128,1002,616,17.5949,0.109092
10128,1002,658,0.944568,0.0078165
10156,1002,32,1.05666,0.00894813
10156,1002,84,4.3824,0.0458297
10156,1002,166,2.88545,0.0251693
10156,1002,168,1.02819,0.00886848
10156,1002,253,22.1317,0.11402
10156,1002,758,4.30905,0.0329253
10215,1002,196,16.4008,0.134853
10215,1002,281,2.77507,0.0231905
10215,1002,284,1.03137,0.00845814
10215,1002,378,9.15644,0.123752
10215,1002,379,1.82829,0.0152097
10215,1002,551,1.08112,0.00886909
10561,1002,45,12.4636,0.0778058
10561,1002,107,0.85864,0.00719215
10561,1002,1044,1.9016,0.0150371
10561,1002,1045,6.75729,0.0518932
10561,1002,1308,2.4617,0.0210682
10753,1002,54,29.8739,431.553
10753,1002,124,2.21647,0.0176627
10753,1002,207,0.047738,0.0295357
10753,1002,207,5.42879,0.0554081
10781,1002,177,5.47364,0.0647383
10781,1002,264,0.226898,0.00485319
10781,1002,264,8.78327,0.0768588
10781,1002,265,11.2222,0.185837
10781,1002,450,3.40395,0.0268894
10790,1002,446,25.5643,0.277524
10790,1002,534,17.7007,0.639763
10790,1002,535,0.862115,0.00703011
10790,1002,604,1.18613,0.00997746
10809,1002,45,1.21714,0.0099447
10809,1002,107,1.10617,0.00944587
10809,1002,186,6.15657,0.0457559
10809,1002,189,1.1267,0.00961299
10809,1002,276,29.5048,450.47
10921,1002,55,35.4186,647.36
10921,1002,208,1.29644,0.0107953
10921,1002,393,2.77013,0.0221908
10949,1002,88,9.2048,0.0907654
10949,1002,89,3.51904,0.0366285
10949,1002,91,1.37939,0.0113469
10949,1002,169,19.2407,185.355
10949,1002,255,1.6706,0.013507
10949,1002,256,4.51424,0.0413808
10949,1002,348,1.28822,0.0108874
11086,1002,45,4.55549,0.0381784
11086,1002,46,0.270019,0.0113624
11086,1002,46,13.6139,0.124226
11086,1002,107,0.187399,0.345987
11086,1002,107,14.7637,0.293575
11086,1002,108,5.18347,0.0334472
11088,1002,39,1.84361,0.0155493
11088,1002,100,8.5503,0.0733332
11088,1002,101,1.4473,0.012329
11088,1002,102,21.8396,235.637
11088,1002,103,7.90609,0.0707758
11088,1002,183,4.42785,0.369431
11088,1002,183,0.393015,0.666325
11122,1002,11,2.34482,0.0187837
11122,1002,12,24.9085,312.323
11122,1002,48,1.96005,0.015181
11122,1002,192,0.866066,0.00739053
11122,1002,1145,1.4482,0.0113031
11122,1002,1146,1.36167,0.0110251
11141,1002,290,34.7985,0.10253
11141,1002,384,1.34942,0.0109953
11141,1002,614,1.68299,0.0135881
11145,1002,4,3.98678,0.0257996
11145,1002,27,12.5521,3.45953
11145,1002,27,1.44438,6.69907
11145,1002,71,22.0259,0.165866
11145,1002,150,1.65767,0.013696
11152,1002,261,10.9629,0.101566
11152,1002,262,7.99184,0.0783299
11152,1002,354,8.9029,5.9664
11152,1002,354,0.96984,11.7372
11152,1002,448,2.19016,0.0179482
11193,1002,440,0.209831,0.198053
11193,1002,440,3.32747,0.179508
11193,1002,529,3.9341,0.0315402
11193,1002,530,2.15794,0.0184642
11193,1002,599,4.8915,0.051021
11193,1002,600,24.9101,0.207706
11222,1002,179,0.87204,0.00739054
11222,1002,180,16.9879,0.800175
11222,1002,266,1.61209,0.0132217
11222,1002,356,5.3079,0.0435606
11222,1002,357,0.220563,0.0253922
11222,1002,357,8.91589,0.18577
11222,1002,450,0.970921,0.00826762
11222,1002,451,3.69889,0.292388
11222,1002,451,0.153559,0.750958
11248,1002,62,19.8756,0.754274
11248,1002,139,6.55544,0.0587582
11248,1002,140,6.1904,0.0603558
11248,1002,222,2.89485,0.717743
11248,1002,222,0.355419,1.38756
11360,1002,53,18.1774,0.117338
11419,1002,13,15.8898,1.72154
11419,1002,13,1.76206,3.18886
11419,1002,48,10.7224,0.0773403
11419,1002,109,1.29966,0.0104682
11440,1002,89,31.5541,0.167825
11440,1002,169,2.15907,0.0186394
11440,1002,255,3.13907,0.0288554
11440,1002,256,1.71974,0.0150515
11518,1002,42,21.3536,0.235408
11518,1002,104,8.03541,0.0674699
11518,1002,184,1.03049,0.00862197
11518,1002,246,2.21283,0.0187522
11523,1002,33,0.969827,0.0080718
11523,1002,34,1.7323,0.0136744
11523,1002,87,23.9314,0.118035
11565,1002,0,20.4288,207.458
11565,1002,1,10.6884,0.096137
11565,1002,58,1.78938,0.0151145
11565,1002,59,7.4195,0.0774023
11565,1002,310,2.93558,0.0241796
11613,1002,29,1.27951,0.0115543
11613,1002,31,2.26517,0.0176493
11613,1002,91,1.27471,0.010494
11613,1002,120,3.06926,0.0259301
11613,1002,121,1.22882,0.00961826
11613,1002,202,12.1771,0.106842
11613,1002,239,1.02734,0.00873218
11613,1002,291,17.2766,0.235655
11689,1002,294,0.85457,0.00703012
11689,1002,299,0.280245,0.0345234
11689,1002,299,25.9897,331.154
11689,1002,394,11.9785,0.0910219
11730,1002,35,0.173643,0.110346
11730,1002,35,27.6475,0.194576
11730,1002,814,1.15295,0.0100036
11730,1002,997,1.75652,0.0147044
11730,1002,1177,1.86145,0.0147154
11731,1002,105,25.0677,0.158825
11731,1002,186,2.01958,0.0168135
11731,1002,273,10.1889,0.0940794
11769,1002,252,8.38022,0.0707763
11769,1002,342,1.06703,0.00873927
11769,1002,345,32.0951,1030.18
11769,1002,440,1.0369,0.00860722
11867,1002,182,4.92935,0.0447439
11867,1002,183,3.86905,0.0398637
11867,1002,270,30.0223,0.240609
11869,1002,73,8.57512,0.0633318
11869,1002,154,1.02339,0.00836316
11869,1002,155,1.26987,0.01034
11869,1002,240,35.4974,1260.88
11869,1002,423,1.59723,0.0135127
12022,1002,203,0.0937144,0.00447171
12022,1002,203,5.5191,0.0493275
12022,1002,292,2.06782,0.018975
12022,1002,387,3.13153,0.0253205
12022,1002,482,8.93624,0.0612089
12022,1002,483,11.153,64.3279
12022,1002,563,3.20872,0.025741
12088,1002,191,1.07711,0.00874941
12088,1002,280,2.34194,0.0179837
12088,1002,378,24.507,275.673
12088,1002,471,8.5674,0.0569674
12162,1002,160,2.76087,0.023809
12162,1002,161,26.2704,352.32
12162,1002,247,6.6551,0.0663196
12355,1002,207,0.116961,0.0122341
12355,1002,207,28.5065,0.201252
12355,1002,295,1.74318,0.0150057
12355,1002,296,2.19899,0.0184121
12355,1002,390,6.97144,0.0571546
12469,1002,32,0.966709,0.00825589
12469,1002,33,10.5263,0.0705339
12469,1002,58,5.83577,0.0616066
12469,1002,87,16.0743,0.166816
12469,1002,167,2.25993,0.0194029
12543,1002,34,17.9651,162.51
12543,1002,87,1.15184,0.0098016
12543,1002,88,8.85495,0.068675
12543,1002,167,3.09471,0.0266844
12543,1002,346,2.72377,0.0236703
12543,1002,440,5.37122,0.0794196
12609,1002,9,2.26757,0.0197115
12609,1002,40,10.9639,0.124928
12609,1002,41,1.42218,0.0120267
12609,1002,102,22.6005,0.468591
12814,1002,489,1.20644,0.00966611
12814,1002,569,2.71447,0.0230803
12814,1002,570,31.0263,0.601269
12814,1002,571,3.32385,0.0308314
12932,1002,268,0.969961,0.00806256
12932,1002,363,10.6447,0.105342
12932,1002,364,3.25505,0.0266891
12932,1002,365,6.38885,0.0554545
12932,1002,455,0.985153,0.00818333
12932,1002,457,12.8846,0.0848603
12932,1002,458,5.2303,0.0454206
13023,1002,194,0.260381,0.00553669
13023,1002,194,27.3602,0.228798
13023,1002,281,1.18454,0.0100467
13023,1002,282,2.74578,0.0214212
13023,1002,283,1.2097,0.00993948
13023,1002,375,8.13223,0.0704688
13030,1002,118,8.98092,0.109252
13030,1002,200,9.59231,0.1233
13030,1002,201,3.33681,0.0288231
13087,1002,205,2.02927,0.0184557
13087,1002,389,4.63583,0.0346703
13087,1002,390,3.79598,0.0377793
13087,1002,391,18.9483,1.03315
13087,1002,484,9.36635,0.0885888
13151,1002,216,3.45592,0.0271314
13151,1002,217,0.186548,0.0574097
13151,1002,217,1.59121,0.0415043
13151,1002,218,3.56941,0.030594
13151,1002,306,20.8277,0.206871
13151,1002,307,14.302,0.199016
13151,1002,308,1.16764,0.00960899
13212,1002,483,21.7423,0.140495
13212,1002,562,1.80193,0.0149822
13212,1002,563,8.62246,0.129918
13212,1002,618,0.913971,0.007586
13212,1002,619,2.89023,0.024301
13212,1002,663,1.22548,0.0102774
13269,1002,471,0.157361,0.00366827
13269,1002,471,20.5625,0.173927
13269,1002,472,1.56586,0.012605
13314,1002,262,23.7565,0.198955
13314,1002,355,14.1218,0.143032
13315,1002,78,1.05238,0.00945718
13315,1002,157,0.192865,0.00877964
13315,1002,157,21.8708,0.210788
13315,1002,158,15.3154,0.128672
13315,1002,243,3.08382,0.0246615
13346,1002,131,6.33921,0.0492603
13346,1002,132,22.5246,2.71528
13346,1002,215,7.56483,0.072438
13346,1002,304,4.06282,0.0403157
13346,1002,494,2.03182,0.0173925
13346,1002,579,1.81607,0.015141
13348,1002,46,3.61196,8.27371
13348,1002,46,33.9395,4.48477
13348,1002,188,1.40166,0.0118354
13377,1002,93,3.65397,0.0292775
13377,1002,173,0.118516,0.00820247
13377,1002,173,0.288908,5.07236
13377,1002,173,5.7509,1.35853
13377,1002,175,6.59048,0.061288
13377,1002,262,19.0042,0.0818536
13377,1002,263,2.11293,0.0166714
13405,1002,55,35.5505,645.713
13405,1002,125,2.03131,0.0180339
13405,1002,126,0.984503,0.00809251
13405,1002,297,1.6773,0.0148178
13468,1002,376,2.52085,0.021812
13468,1002,377,8.9975,0.0633471
13468,1002,472,24.2975,0.122563
13586,1002,33,25.7249,342.454
13586,1002,86,1.09041,0.00896137
13586,1002,253,0.29597,0.199057
13586,1002,253,4.57674,0.0541956
13586,1002,345,0.135758,0.00847414
13586,1002,345,4.2674,0.0400107
13586,1002,439,4.52103,0.0433838
13620,1002,46,21.161,0.105087
13815,1002,104,17.5868,0.160816
13815,1002,187,10.6028,0.104012
13815,1002,188,2.04245,0.0169756
13815,1002,275,0.0369858,0.00126401
13815,1002,275,2.911,0.157009
13815,1002,275,0.329701,0.271443
13827,1002,208,31.8402,0.233112
13827,1002,297,1.918,0.0170007
13827,1002,298,1.91193,0.0162968
13827,1002,625,1.22767,0.00980543
13972,1002,13,10.5153,0.348712
13972,1002,50,19.031,0.24087
14042,1002,194,19.9611,196.653
14042,1002,281,12.4981,0.179347
14042,1002,283,1.28046,0.0110679
14042,1002,465,1.42306,0.0115894
14045,1002,53,18.2762,0.113999
14045,1002,114,1.03069,0.00856082
14045,1002,116,5.61491,0.0484103
14045,1002,199,1.06618,0.0089928
14045,1002,287,11.937,0.118054
14045,1002,288,1.06147,0.00835975
14045,1002,553,3.32981,0.0271771
14045,1002,555,2.42148,0.020054
14077,1002,564,0.277451,0.0451383
14077,1002,564,13.464,0.137177
14077,1002,621,13.2993,0.0857668
14077,1002,662,1.3729,0.0113148
14077,1002,664,11.2883,0.0952609
14142,1002,192,32.6343,0.244937
14142,1002,280,3.66031,0.0280132
14142,1002,375,1.03027,0.00830274
14198,1002,53,8.03834,0.0556627
14198,1002,116,21.5648,0.174292
14235,1002,13,14.6526,0.288896
14235,1002,14,23.6211,1.3732
14300,1002,7,10.1798,0.0598355
14300,1002,35,10.7488,0.14017
14300,1002,36,15.5745,0.241932
14372,1002,69,2.22635,0.0190664
14372,1002,70,1.9735,0.0157999
14372,1002,149,21.6496,0.207693
14372,1002,150,19.5869,0.147863
14373,1002,278,1.46227,0.0119652
14373,1002,279,32.8507,1.21119
14373,1002,280,9.96816,0.135994
14373,1002,374,1.29096,0.0108339
14437,1002,242,2.05944,0.0168277
14437,1002,331,1.29036,0.0103985
14437,1002,332,5.73903,0.0449692
14437,1002,333,15.6253,0.0652695
14437,1002,426,6.8585,0.0475381
14518,1002,120,30.8068,0.567264
14518,1002,121,1.81194,0.0149869
14518,1002,202,1.25607,9.85512
14518,1002,202,1.26517,14.4354
14518,1002,204,1.44785,0.0113643
14518,1002,292,1.58724,0.0136258
14518,1002,388,1.18351,0.00961523
14546,1002,119,27.1796,0.103852
14546,1002,201,4.82949,0.0384331
14546,1002,202,1.45656,0.0128101
14546,1002,387,3.20543,0.0249918
14699,1002,43,37.5773,697.426
14825,1002,54,3.14112,0.0273283
14825,1002,55,21.0713,241.981
14825,1002,210,2.46729,0.0218001
14825,1002,301,4.24659,0.0344709
14881,1002,44,22.0126,205.889
14881,1002,106,3.04826,0.02694
14896,1002,255,13.7482,0.0914755
14896,1002,256,0.18827,0.0826468
14896,1002,256,3.70419,0.0663115
14896,1002,347,1.87413,0.0158462
14896,1002,348,17.2227,150.187
14898,1002,554,1.01931,0.0084833
14898,1002,555,1.72456,0.0142695
14898,1002,556,34.7024,601.19
14898,1002,557,1.50873,0.012302
14901,1002,112,6.54072,0.0539264
14901,1002,113,12.933,0.0871587
14901,1002,192,0.966626,0.00801014
14901,1002,284,17.6612,0.122793
14911,1002,138,1.34077,0.0111542
14911,1002,139,1.32777,0.011605
14911,1002,223,4.87601,0.0313866
14911,1002,224,23.985,293.122
14926,1002,130,1.98543,0.0161819
14926,1002,131,0.226676,0.0124015
14926,1002,131,20.7231,0.142688
14926,1002,214,3.73905,0.0285928
14926,1002,215,4.41018,0.0363468
14926,1002,303,1.15149,0.00930371
14926,1002,305,3.1845,0.0265989
14956,1002,92,26.5208,0.319652
14956,1002,93,4.48113,0.0394861
14956,1002,172,4.86577,0.0560838
14956,1002,351,7.43487,0.0825404
14994,1002,174,33.304,0.202954
14994,1002,260,1.78697,0.0141548
14994,1002,261,4.79866,0.0366282
14994,1002,262,1.24151,0.0102978
14994,1002,353,1.71449,0.0140492
15004,1002,461,1.42979,0.0108808
15004,1002,463,12.4147,0.0897184
15004,1002,464,21.3029,0.135895
15178,1002,12,25.8627,0.0853245
15178,1002,48,3.30186,0.0299982
15178,1002,51,1.39711,0.0110539
15178,1002,109,3.09179,0.0234329
15178,1002,110,3.12469,0.0270887
15178,1002,465,1.55604,0.0129469
15178,1002,550,1.34159,0.0111931
15313,1002,185,4.88845,0.040807
15313,1002,186,0.34099,0.0950507
15313,1002,186,22.0088,0.183783
15313,1002,273,1.41109,0.0115616
15313,1002,366,4.57196,0.0372426
15313,1002,544,4.39062,0.0444091
15330,1002,35,1.50845,0.0135887
15330,1002,96,2.7164,0.0232999
15330,1002,260,1.08536,0.00891003
15330,1002,352,12.4059,81.991
15330,1002,353,10.9362,0.0820459
15330,1002,354,7.75253,0.833028
15330,1002,354,0.364574,1.58171
15330,1002,446,1.01985,0.00854526
15330,1002,448,7.7744,0.0660372
15369,1002,192,0.230042,0.0094143
15369,1002,192,18.6549,0.156128
15369,1002,193,11.8151,0.102081
15369,1002,278,1.6343,0.0121876
15369,1002,279,6.88645,0.0489751
15501,1002,200,1.90018,0.0144635
15501,1002,202,14.0623,0.214071
15501,1002,291,6.20855,0.0447622
15501,1002,292,13.2037,0.277049
15501,1002,386,4.6124,0.0404372
15537,1002,15,22.9969,0.10383
15537,1002,59,12.4518,0.0868983
15537,1002,60,4.84748,0.045002
15537,1002,137,0.262875,0.00399591
15537,1002,137,1.19298,0.0100393
15537,1002,141,1.4409,0.0120385
15537,1002,221,1.02197,0.00901893
15727,1002,270,1.1534,0.0093273
15727,1002,364,0.88199,0.00739833
15727,1002,365,20.5755,206.92
15727,1002,366,12.4665,0.10304
15858,1002,11,1.75466,0.0142616
15858,1002,47,4.92296,0.0483968
15858,1002,48,5.47176,0.0456886
15858,1002,49,22.8033,0.173073
15859,1002,41,16.2519,0.146299
15859,1002,42,5.04857,0.0446287
15859,1002,103,1.57478,0.0128446
15859,1002,543,2.6078,0.0210457
15914,1002,45,18.1484,0.246644
15914,1002,107,3.14874,0.0260863
15914,1002,189,6.38146,0.0509874
15914,1002,1247,10.4445,0.132744
16095,1002,35,8.59062,0.094395
16095,1002,37,0.935445,0.00774771
16095,1002,95,28.3631,0.163338
16140,1002,45,19.4236,0.218464
16140,1002,106,4.60118,0.035385
16140,1002,107,8.78918,0.0681357
16205,1002,9,0.408346,0.0505293
16205,1002,9,8.43971,0.0905773
16205,1002,38,1.12334,0.0095446
16337,1002,58,32.0266,529.222
16412,1002,438,1.50614,0.0125471
16412,1002,439,24.4284,0.0889556
16412,1002,524,3.51342,0.0295327
16412,1002,593,1.92706,0.0167972
16522,1002,23,5.36623,0.0398224
16522,1002,67,25.1234,309.832
16522,1002,146,0.0452836,0.0487577
16522,1002,146,3.43354,0.0348856
16522,1002,321,1.79642,0.0150635
16540,1002,386,1.22675,0.0101816
16540,1002,478,18.2037,0.136132
16540,1002,480,10.9368,0.0730863
16540,1002,481,3.15785,0.0255034
16540,1002,561,5.64117,0.0521797
16545,1002,194,1.30528,0.00995533
16545,1002,278,3.44009,0.0274558
16545,1002,279,27.0527,0.101433
16545,1002,371,5.97918,0.0535276
16545,1002,372,2.17768,0.0186125
16579,1002,91,23.002,0.194881
16579,1002,171,3.93036,0.0344523
16579,1002,393,8.0017,0.0515619
16579,1002,486,1.88225,0.015553
16579,1002,567,2.57772,0.0222372
16618,1002,116,1.71152,0.0141817
16618,1002,288,0.4586,0.281713
16618,1002,288,34.905,1.43895
16618,1002,382,1.88004,0.0157167
16664,1002,278,20.147,0.139978
16664,1002,279,2.66368,0.0228489
16664,1002,371,15.0908,0.149596
16775,1002,389,2.81838,0.0260638
16775,1002,481,6.32561,0.043525
16775,1002,482,21.1495,0.139215
16883,1002,10,1.00307,0.450798
16883,1002,10,19.3018,0.323696
16883,1002,40,1.4049,0.0121728
16883,1002,41,26.9954,0.145163
17004,1002,130,37.8296,752.389
17004,1002,303,0.984122,0.0084777
17004,1002,397,2.46696,0.0210356
17004,1002,491,1.32146,0.0107085
17031,1002,120,1.95692,0.016443
17031,1002,122,12.5527,0.093428
17064,1002,366,12.7548,0.115468
17064,1002,367,12.8614,0.144915
17064,1002,368,9.85239,0.0903788
17123,1002,274,25.9661,0.180492
17123,1002,366,1.80701,0.0148765
17123,1002,367,13.1694,0.0995463
17130,1002,48,1.1297,0.00892399
17130,1002,49,24.7364,0.135803
17130,1002,110,3.17398,0.0262127
17130,1002,191,1.12974,0.0091027
17136,1002,49,2.68246,0.0240867
17136,1002,54,8.91789,0.102937
17136,1002,124,30.103,0.196506
17136,1002,206,1.15951,0.00969928
17136,1002,207,1.05017,0.00874502
17136,1002,296,1.10223,0.00915433
17136,1002,481,0.0798744,0.00544729
17136,1002,481,2.63025,0.0219794
17185,1002,91,1.46684,0.0122944
17185,1002,115,9.03193,0.0657489
17185,1002,1117,1.14934,0.00955743
17185,1002,1118,7.42768,0.0620543
17185,1002,1205,2.60802,0.0223096
17185,1002,1206,7.18304,0.0606354
17206,1002,196,24.1228,0.118125
17206,1002,284,2.26699,0.0185367
17206,1002,285,0.709021,0.0781384
17206,1002,285,3.83808,0.0352836
17206,1002,376,8.72911,0.154185
17212,1002,42,21.3982,0.265785
17212,1002,43,4.39955,0.0347024
17212,1002,104,15.1229,0.223842
17212,1002,544,3.00434,0.0251985
17225,1002,179,3.48612,0.0310087
17225,1002,365,3.05879,0.0260169
17225,1002,459,4.34041,0.0402401
17225,1002,460,15.2982,0.280345
17225,1002,461,12.4345,0.116543
17225,1002,545,5.54269,0.0450677
17225,1002,546,1.1815,0.00982813
17261,1002,43,32.1952,543.497
17261,1002,104,1.98625,0.0162462
17261,1002,467,1.12173,0.00912632
17261,1002,548,1.27469,0.0108844
17377,1002,9,18.1253,0.745508
17377,1002,10,1.896,0.0151543
17377,1002,39,14.2685,97.6828
17386,1002,490,8.35252,0.0762535
17386,1002,571,2.16903,0.0170536
17386,1002,573,6.66117,0.0577209
17386,1002,629,1.28198,0.0115407
17386,1002,630,16.8906,0.0711451
17386,1002,631,5.88342,0.0476048
17410,1002,479,39.8113,788.244
17410,1002,559,1.63349,0.0131327
17428,1002,120,17.851,0.336156
17428,1002,121,9.59152,47.0406
17428,1002,204,2.82339,0.0223191
17473,1002,33,1.11157,0.00926827
17473,1002,166,6.11492,0.0554364
17473,1002,251,4.47851,0.0363683
17473,1002,252,7.59487,0.0344357
17477,1002,9,4.79895,0.0372056
17477,1002,10,3.37344,0.0277255
17477,1002,40,20.7897,227.224
17477,1002,103,6.84415,0.0526784
17477,1002,363,2.25259,0.0172132
17501,1002,36,1.23417,0.0102939
17501,1002,55,27.7892,0.162535
17501,1002,122,7.90577,0.0700322
17577,1002,50,16.768,0.129083
17577,1002,111,3.96408,0.0328162
17577,1002,193,1.42334,0.0113103
17577,1002,280,1.82784,0.0157818
17577,1002,468,11.7115,0.78669
17577,1002,468,1.29755,1.35738
17622,1002,7,13.1338,0.187441
17622,1002,35,0.169828,0.00773699
17622,1002,35,4.70095,0.0374476
17622,1002,36,16.3991,0.177825
17622,1002,96,0.936238,0.00776741
17629,1002,44,27.2146,0.243687
17629,1002,105,2.98212,0.0229115
17629,1002,186,1.59216,0.0128786
17629,1002,187,0.91664,0.00769273
17629,1002,988,2.7389,0.0212578
17644,1002,617,12.5593,0.0897283
17644,1002,660,20.5903,0.20086
17708,1002,167,2.19228,0.0178565
17708,1002,168,8.76702,0.0819322
17708,1002,254,5.48921,0.0446407
17708,1002,255,4.30523,0.0348323
17708,1002,347,14.9891,0.114759
17708,1002,348,5.51781,0.0460278
17729,1002,121,1.04645,0.427841
17729,1002,121,32.858,0.434692
17729,1002,204,4.49067,0.0369637
17895,1002,49,8.23111,0.0578595
17895,1002,195,27.1729,0.208299
17895,1002,284,1.3892,0.0116861
17902,1002,342,11.3527,0.0732282
17902,1002,433,1.17562,0.00980454
17902,1002,434,0.573281,0.246898
17902,1002,434,7.47755,0.0763327
17902,1002,435,2.73864,0.0208371
17902,1002,521,1.72784,0.0143193
17902,1002,522,10.3417,0.054519
17921,1002,95,30.8373,485.206
17921,1002,175,1.12218,0.00951802
17921,1002,176,1.90132,0.0161254
17921,1002,262,7.99758,0.0659436
17953,1002,331,0.923962,0.932094
17953,1002,331,20.525,0.591605
17953,1002,423,1.21976,0.00961174
17953,1002,425,11.577,0.126617
17953,1002,512,2.76319,0.0234504
17962,1002,252,0.839466,2.0919
17962,1002,252,1.80436,1.06906
17962,1002,344,19.4691,1.6347
17962,1002,527,2.15892,0.018434
17962,1002,596,1.66212,0.0143678
18034,1002,180,3.65019,0.0293824
18034,1002,268,6.58551,0.0595312
18041,1002,9,1.94904,0.0165495
18041,1002,10,1.97217,0.0173922
18041,1002,40,27.749,411.036
18041,1002,102,2.10752,0.0183907
18060,1002,475,2.81686,0.0224684
18060,1002,476,1.27289,2.65759
18060,1002,476,20.2134,1.4826
18060,1002,556,2.64709,0.0242654
18097,1002,8,1.92553,0.0167717
18124,1002,492,6.72793,0.052806
18124,1002,493,0.315456,0.0703895
18124,1002,493,1.35577,0.0457807
18124,1002,574,5.83089,0.0462831
18124,1002,575,24.4727,315.675
18124,1002,632,2.81187,0.0223451
18128,1002,384,9.60832,0.0936596
18128,1002,385,17.9831,0.144163
18128,1002,477,5.18849,0.0417598
18128,1002,557,2.49338,0.0208856
18128,1002,613,1.24426,0.0100381
18128,1002,657,1.46399,0.0119916
18137,1002,127,4.13092,0.0380978
18137,1002,128,1.44918,0.0121474
18137,1002,214,1.20751,0.00961809
18182,1002,115,0.811457,0.00711679
18182,1002,116,6.86788,0.0434505
18182,1002,117,29.2637,0.149163
18182,1002,199,1.12722,0.00962503
18658,1002,20,0.974795,0.00806649
18658,1002,21,30.632,938.389
18658,1002,22,4.10656,0.0339156
18658,1002,144,1.72439,0.0149417
18765,1002,1005,2.08374,0.0181801
18780,1002,450,11.2911,0.0748435
18780,1002,537,1.65229,0.013759
18780,1002,538,21.6846,0.430468
18780,1002,606,1.27817,0.010823
18780,1002,607,5.15044,0.045319
18780,1002,654,2.00198,0.0174551
18807,1002,191,1.63991,0.0150986
18807,1002,277,1.0759,0.00880803
18807,1002,278,11.8688,4.70989
18807,1002,278,2.34502,9.19758
18807,1002,279,0.316001,0.0371174
18807,1002,279,22.8406,0.20654
18807,1002,372,2.65751,0.0237771
18807,1002,464,1.72746,0.0151756
18855,1002,117,10.4952,0.138172
18855,1002,118,5.97404,0.0461116
18855,1002,199,4.99668,0.0451419
18855,1002,285,2.54288,0.0213339
18855,1002,286,1.03085,0.00862762
18855,1002,287,1.13145,0.00930658
18855,1002,381,2.48378,0.0227673
18855,1002,472,1.16314,0.00960739
19023,1002,0,13.532,0.104787
19023,1002,1,3.87868,0.0278949
19023,1002,18,0.958307,0.00779709
19023,1002,59,1.43255,0.0113549
19023,1002,137,1.59733,0.0134083
19048,1002,266,1.11007,0.00917251
19048,1002,360,1.67734,0.0133698
19048,1002,361,6.19254,0.0508467
19048,1002,364,1.82066,0.0151912
19048,1002,456,1.16669,0.00951684
19048,1002,458,25.5646,322.209
19098,1002,98,0.292593,0.0121569
19098,1002,98,0.250375,0.0269151
19098,1002,98,20.7897,0.179915
19098,1002,358,2.64978,0.0213544
19098,1002,359,2.01744,0.0155972
19098,1002,452,3.44209,0.0278825
19098,1002,453,8.2165,0.0453701
19098,1002,539,1.77887,0.0153759
19098,1002,541,2.99415,0.0256344
19128,1002,398,5.00162,0.0380623
19128,1002,490,2.64288,0.027443
19210,1002,277,3.03149,0.0277047
19210,1002,283,25.2883,326.795
19210,1002,378,5.91331,0.053793
19210,1002,545,1.06874,0.00890984
19233,1002,213,19.386,0.192606
19233,1002,214,7.18894,0.0517383
19233,1002,302,3.39996,0.0280393
19233,1002,303,13.6083,0.118192
19254,1002,127,12.9445,0.115991
19254,1002,211,8.9403,0.10671
19254,1002,299,2.7406,0.0230129
19254,1002,300,3.90716,0.0329527
19254,1002,302,1.47491,0.0123446
19254,1002,395,0.289268,0.0125935
19254,1002,395,16.7821,1.22787
19276,1002,95,32.1596,0.206322
19276,1002,262,3.92277,0.0378217
19316,1002,54,7.15423,0.0554381
19316,1002,121,7.75857,0.0592683
19316,1002,123,9.84356,0.153976
19316,1002,206,2.04593,0.0171012
19339,1002,283,0.247191,0.0127862
19339,1002,283,9.90873,0.0663987
19339,1002,375,8.91248,0.491999
19339,1002,375,0.392894,0.810211
19339,1002,377,9.46942,0.0623006
19339,1002,378,2.17231,0.0186177
19339,1002,468,1.14143,0.00902041
19378,1002,400,1.3151,0.010878
19378,1002,490,1.26622,0.0104657
19378,1002,491,28.387,0.675155
19378,1002,572,5.15191,0.0405184
19643,1002,189,2.83302,0.0205963
19643,1002,276,1.71056,0.0151131
19643,1002,277,0.480446,0.0133121
19643,1002,277,0.934735,1.05867
19643,1002,277,16.8272,0.664081
19643,1002,278,3.14109,0.0262104
19643,1002,371,1.49904,0.0131105
19643,1002,372,11.5227,0.0692397
19712,1002,35,33.524,1123.86
19712,1002,36,1.06001,0.00908643
19712,1002,176,1.92576,0.0161953
19753,1002,10,7.8796,0.0763728
19753,1002,41,0.0780271,0.00176682
19753,1002,41,20.7976,0.153061
19753,1002,101,6.88322,0.0540203
19813,1002,95,1.79502,0.014329
19813,1002,175,8.29973,0.0645515
19813,1002,262,5.13952,0.0389801
19813,1002,448,8.50064,0.0693256
19813,1002,449,13.8822,0.0983882
19813,1002,605,1.16685,0.00962145
19862,1002,10,17.0109,0.246865
19862,1002,40,2.62889,0.0226303
19862,1002,41,20.6092,0.159071
19880,1002,8,12.8009,0.103444
19880,1002,9,18.4461,0.370691
19880,1002,99,10.1277,0.077298
19880,1002,180,1.76943,0.014005
19918,1002,139,10.1456,0.10812
19918,1002,140,8.70718,0.0617252
19918,1002,222,1.74657,0.0149957
19918,1002,223,0.392747,0.0234151
19918,1002,223,1.40115,0.0142824
19918,1002,224,1.3134,0.0123174
19918,1002,406,1.33166,0.0115538
19918,1002,407,20.0721,0.0949483
19921,1002,77,34.1636,0.13009
19921,1002,156,1.00223,0.00829848
19921,1002,241,5.65589,0.0399922
19921,1002,242,1.95767,0.0163364
19921,1002,513,1.37214,0.0113666
19941,1002,122,0.26681,0.0276944
19941,1002,122,17.6042,0.153779
19941,1002,123,6.84277,0.0608542
19941,1002,387,3.41692,0.0293158
19982,1002,43,35.9994,640.801
19982,1002,104,1.28553,0.0108754
19982,1002,186,2.2427,0.0199012
20032,1002,37,4.54353,0.0356939
20032,1002,38,1.06376,0.00887938
20032,1002,181,6.61901,0.0519933
20032,1002,267,4.70579,0.0388143
20032,1002,268,5.08092,0.148811
20032,1002,268,0.20961,0.212631
20032,1002,269,6.22022,0.0537307
20032,1002,270,11.2972,0.0957233
20074,1002,130,11.7508,0.129586
20074,1002,398,1.24828,0.0104811
20074,1002,399,23.07,268.712
20096,1002,83,35.9776,0.104855
20096,1002,84,0.979581,0.00798481
20137,1002,602,1.56994,0.0131899
20137,1002,604,3.15826,0.0261579
20137,1002,605,35.4012,1253.25
20140,1002,91,8.43975,0.0542026
20140,1002,171,28.9711,0.0864968
20159,1002,295,23.7724,273.777
20159,1002,389,12.6906,0.197168
20257,1002,91,16.7246,0.119005
20257,1002,92,3.87344,0.0324342
20257,1002,172,17.2939,0.213843
20257,1002,445,0.858136,0.00686787
20413,1002,116,1.10596,0.00923855
20413,1002,198,13.0231,0.0629656
20413,1002,287,19.606,0.0956678
20479,1002,93,11.5947,0.11179
20479,1002,94,18.6632,0.173186
20479,1002,803,0.937045,0.00748797
20479,1002,1342,1.16913,0.00873644
20658,1002,90,15.0337,3.52845
20658,1002,90,1.06248,6.77156
20658,1002,91,16.6921,0.146277
20658,1002,92,2.56427,0.0194168
20658,1002,172,1.39095,0.0111509
20715,1002,7,1.23004,0.011318
20715,1002,8,31.5013,1.20776
20715,1002,38,4.68569,0.032832
20717,1002,576,15.6086,0.120684
20717,1002,577,8.888,0.115753
20717,1002,628,3.66233,0.0304183
20717,1002,633,2.4461,0.0207106
20717,1002,634,10.7503,0.0720038
20740,1002,53,7.2164,0.0582099
20798,1002,386,0.437605,0.400651
20798,1002,386,14.1518,0.325471
20798,1002,479,2.45973,0.0203528
20798,1002,560,18.1062,0.0906392
20875,1002,232,2.8986,0.0236606
20875,1002,233,0.0742152,0.00580812
20875,1002,233,2.06593,0.0174035
20875,1002,234,0.170311,0.00375157
20875,1002,234,14.6772,0.114423
20875,1002,326,7.95975,0.0672653
20875,1002,416,0.504127,0.648441
20875,1002,416,1.14096,0.349944
20875,1002,420,0.679706,5.89793
20875,1002,420,5.92472,3.03624
20875,1002,421,6.91235,0.0480483
20899,1002,167,4.0157,0.0307764
20899,1002,347,11.5849,0.814706
20899,1002,347,0.686653,1.44077
20899,1002,348,5.85752,0.0481858
20899,1002,438,1.35713,0.0113758
20899,1002,441,1.07406,0.00897756
20899,1002,442,14.8241,0.108491
20899,1002,529,0.692092,0.0475186
20899,1002,529,9.06793,0.09969
20923,1002,12,1.1877,0.00950179
20923,1002,53,15.5977,120.819
20923,1002,114,1.4921,0.0122904
